,country,region,rank,score,happiness_level,year,code,life_expectency,house_price,gdp
0,Australia,Australia and New Zealand,11.0,7.23,6,2019,AUS,83.44,108.08,
1,Australia,Australia and New Zealand,10.0,7.27,6,2018,AUS,83.28,112.66,57395.9195
2,Australia,Australia and New Zealand,10.0,7.28,6,2017,AUS,83.12,114.31,54066.4713
3,Australia,Australia and New Zealand,10.0,7.28,6,2015,AUS,82.79,100.0,56755.7217
4,Australia,Australia and New Zealand,9.0,7.31,6,2016,AUS,82.96,105.5,49971.1315
5,New Zealand,Australia and New Zealand,9.0,7.29,6,2015,NZL,81.71,100.0,38559.547
6,New Zealand,Australia and New Zealand,8.0,7.31,6,2019,NZL,82.29,0.0,
7,New Zealand,Australia and New Zealand,8.0,7.31,6,2017,NZL,82.0,121.2,42260.1252
8,New Zealand,Australia and New Zealand,8.0,7.32,6,2018,NZL,82.14,125.55,42330.9064
9,New Zealand,Australia and New Zealand,8.0,7.33,6,2016,NZL,81.86,113.56,40026.8522
10,Albania,Central and Eastern Europe,112.0,4.59,3,2018,ALB,78.46,0.0,5268.8485
11,Albania,Central and Eastern Europe,109.0,4.64,3,2017,ALB,78.33,0.0,4532.8902
12,Albania,Central and Eastern Europe,109.0,4.66,3,2016,ALB,78.19,0.0,4124.1089
13,Albania,Central and Eastern Europe,107.0,4.72,3,2019,ALB,78.57,0.0,
14,Albania,Central and Eastern Europe,95.0,4.96,3,2015,ALB,78.03,0.0,3952.8295
15,Armenia,Central and Eastern Europe,129.0,4.32,3,2018,ARG,76.52,0.0,11683.9496
16,Armenia,Central and Eastern Europe,127.0,4.35,3,2015,ARG,76.07,0.0,13789.0604
17,Armenia,Central and Eastern Europe,121.0,4.36,3,2016,ARG,76.22,0.0,12790.2425
18,Armenia,Central and Eastern Europe,121.0,4.38,3,2017,ARG,76.37,0.0,14591.8634
19,Armenia,Central and Eastern Europe,116.0,4.56,3,2019,ARG,76.67,0.0,
20,Azerbaijan,Central and Eastern Europe,87.0,5.2,4,2018,AZE,72.86,0.0,4722.3817
21,Azerbaijan,Central and Eastern Europe,90.0,5.21,4,2019,AZE,73.0,0.0,
22,Azerbaijan,Central and Eastern Europe,80.0,5.21,4,2015,AZE,72.27,0.0,5500.3205
23,Azerbaijan,Central and Eastern Europe,85.0,5.23,4,2017,AZE,72.69,0.0,4147.0897
24,Azerbaijan,Central and Eastern Europe,81.0,5.29,4,2016,AZE,72.49,0.0,3880.7387
25,Belarus,Central and Eastern Europe,81.0,5.32,4,2019,BHR,77.29,0.0,
26,Belarus,Central and Eastern Europe,73.0,5.48,4,2018,BHR,77.16,0.0,24050.7575
27,Belarus,Central and Eastern Europe,67.0,5.57,4,2017,BHR,77.03,0.0,23715.4827
28,Belarus,Central and Eastern Europe,61.0,5.8,4,2016,BHR,76.9,0.0,22619.1167
29,Belarus,Central and Eastern Europe,59.0,5.81,4,2015,BHR,76.76,0.0,22688.9638
30,Bosnia and Herzegovina,Central and Eastern Europe,96.0,4.95,3,2015,BIH,76.86,0.0,4727.2774
31,Bosnia and Herzegovina,Central and Eastern Europe,93.0,5.13,4,2018,BIH,77.26,0.0,6065.6727
32,Bosnia and Herzegovina,Central and Eastern Europe,87.0,5.16,4,2016,BIH,77.0,0.0,4994.6831
33,Bosnia and Herzegovina,Central and Eastern Europe,90.0,5.18,4,2017,BIH,77.13,0.0,5394.5912
34,Bosnia and Herzegovina,Central and Eastern Europe,78.0,5.39,4,2019,BIH,77.4,0.0,
35,Bulgaria,Central and Eastern Europe,129.0,4.22,3,2016,BGR,74.7,0.0,7469.4556
36,Bulgaria,Central and Eastern Europe,134.0,4.22,3,2015,BGR,74.58,0.0,6993.7835
37,Bulgaria,Central and Eastern Europe,105.0,4.71,3,2017,BGR,74.82,0.0,8228.0116
38,Bulgaria,Central and Eastern Europe,100.0,4.93,3,2018,BGR,74.93,0.0,9271.5456
39,Bulgaria,Central and Eastern Europe,97.0,5.01,4,2019,BGR,75.05,0.0,
40,Croatia,Central and Eastern Europe,77.0,5.29,4,2017,CRI,79.91,0.0,11752.5434
41,Croatia,Central and Eastern Europe,82.0,5.32,4,2018,CRI,80.1,0.0,12027.3659
42,Croatia,Central and Eastern Europe,75.0,5.43,4,2019,CRI,80.28,0.0,
43,Croatia,Central and Eastern Europe,74.0,5.49,4,2016,CRI,79.74,0.0,11666.4559
44,Croatia,Central and Eastern Europe,62.0,5.76,4,2015,CRI,79.56,0.0,11299.1355
45,Czech Republic,Central and Eastern Europe,31.0,6.5,5,2015,CZE,78.69,100.0,17715.6169
46,Czech Republic,Central and Eastern Europe,27.0,6.6,5,2016,CZE,78.88,107.15,18463.3866
47,Czech Republic,Central and Eastern Europe,23.0,6.61,5,2017,CZE,79.06,119.7,20379.896
48,Czech Republic,Central and Eastern Europe,21.0,6.71,5,2018,CZE,79.22,130.0,23069.3832
49,Czech Republic,Central and Eastern Europe,20.0,6.85,5,2019,CZE,79.38,0.0,
50,Estonia,Central and Eastern Europe,73.0,5.43,4,2015,ECU,76.14,0.0,6124.4916
51,Estonia,Central and Eastern Europe,72.0,5.52,4,2016,ECU,76.36,0.0,6060.0933
52,Estonia,Central and Eastern Europe,66.0,5.61,4,2017,ECU,76.58,0.0,6213.5013
53,Estonia,Central and Eastern Europe,63.0,5.74,4,2018,ECU,76.8,0.0,6344.872
54,Estonia,Central and Eastern Europe,55.0,5.89,4,2019,ECU,77.01,0.0,
55,Georgia,Central and Eastern Europe,126.0,4.25,3,2016,GEO,73.21,0.0,4062.1699
56,Georgia,Central and Eastern Europe,125.0,4.29,3,2017,GEO,73.41,0.0,4357.0116
57,Georgia,Central and Eastern Europe,130.0,4.3,3,2015,GEO,72.97,0.0,4014.1859
58,Georgia,Central and Eastern Europe,128.0,4.34,3,2018,GEO,73.6,0.0,4722.7772
59,Georgia,Central and Eastern Europe,119.0,4.52,3,2019,GEO,73.77,0.0,
60,Hungary,Central and Eastern Europe,104.0,4.8,3,2015,HUN,76.01,100.0,12651.5683
61,Hungary,Central and Eastern Europe,91.0,5.14,4,2016,HUN,76.27,113.38,12992.3757
62,Hungary,Central and Eastern Europe,75.0,5.32,4,2017,HUN,76.5,127.24,14457.6088
63,Hungary,Central and Eastern Europe,69.0,5.62,4,2018,HUN,76.7,145.5,16150.7728
64,Hungary,Central and Eastern Europe,62.0,5.76,4,2019,HUN,76.88,0.0,
65,Kazakhstan,Central and Eastern Europe,60.0,5.79,4,2018,KAZ,73.24,0.0,9814.7863
66,Kazakhstan,Central and Eastern Europe,60.0,5.81,4,2019,KAZ,73.6,0.0,
67,Kazakhstan,Central and Eastern Europe,60.0,5.82,4,2017,KAZ,72.73,0.0,9247.5813
68,Kazakhstan,Central and Eastern Europe,54.0,5.86,4,2015,KAZ,71.32,0.0,10510.7719
69,Kazakhstan,Central and Eastern Europe,54.0,5.92,4,2016,KAZ,72.08,0.0,7714.8418
70,Kosovo,Central and Eastern Europe,78.0,5.28,4,2017,0,0.0,0.0,
71,Kosovo,Central and Eastern Europe,77.0,5.4,4,2016,0,0.0,0.0,
72,Kosovo,Central and Eastern Europe,69.0,5.59,4,2015,0,0.0,0.0,
73,Kosovo,Central and Eastern Europe,66.0,5.66,4,2018,0,0.0,0.0,
74,Kosovo,Central and Eastern Europe,46.0,6.1,5,2019,0,0.0,0.0,
75,Kyrgyzstan,Central and Eastern Europe,98.0,5.0,4,2017,KGZ,71.19,0.0,1242.7696
76,Kyrgyzstan,Central and Eastern Europe,92.0,5.13,4,2018,KGZ,71.32,0.0,1279.9451
77,Kyrgyzstan,Central and Eastern Europe,85.0,5.18,4,2016,KGZ,71.05,0.0,1120.6665
78,Kyrgyzstan,Central and Eastern Europe,86.0,5.26,4,2019,KGZ,71.45,0.0,
79,Kyrgyzstan,Central and Eastern Europe,77.0,5.29,4,2015,KGZ,70.88,0.0,1121.0828
80,Latvia,Central and Eastern Europe,89.0,5.1,4,2015,LVA,74.73,100.0,13698.9379
81,Latvia,Central and Eastern Europe,68.0,5.56,4,2016,LVA,74.91,108.49,14153.4149
82,Latvia,Central and Eastern Europe,54.0,5.85,4,2017,LVA,75.05,118.01,15548.0823
83,Latvia,Central and Eastern Europe,53.0,5.93,4,2018,LVA,75.17,129.3,17854.76
84,Latvia,Central and Eastern Europe,53.0,5.94,4,2019,LVA,75.29,141.05,
85,Lithuania,Central and Eastern Europe,60.0,5.81,4,2016,LTU,75.24,105.4,14999.4796
86,Lithuania,Central and Eastern Europe,56.0,5.83,4,2015,LTU,74.92,100.0,14249.115
87,Lithuania,Central and Eastern Europe,52.0,5.9,4,2017,LTU,75.51,114.8,16840.9386
88,Lithuania,Central and Eastern Europe,50.0,5.95,4,2018,LTU,75.74,123.18,19071.2998
89,Lithuania,Central and Eastern Europe,42.0,6.15,5,2019,LTU,75.93,131.61,
90,Macedonia,Central and Eastern Europe,93.0,5.01,4,2015,MKD,75.41,0.0,4840.2731
91,Macedonia,Central and Eastern Europe,95.0,5.12,4,2016,MKD,75.5,0.0,5129.159
92,Macedonia,Central and Eastern Europe,92.0,5.18,4,2017,MKD,75.59,0.0,5417.642
93,Macedonia,Central and Eastern Europe,89.0,5.18,4,2018,MKD,75.69,0.0,6083.7189
94,Macedonia,Central and Eastern Europe,89.0,5.18,4,2019,MKD,75.8,0.0,
95,Moldova,Central and Eastern Europe,71.0,5.53,4,2019,MEX,75.05,136.74,
96,Moldova,Central and Eastern Europe,67.0,5.64,4,2018,MEX,74.99,125.95,9673.4437
97,Moldova,Central and Eastern Europe,56.0,5.84,4,2017,MEX,74.95,115.69,9278.4182
98,Moldova,Central and Eastern Europe,52.0,5.89,4,2015,MEX,74.9,100.0,9605.9524
99,Moldova,Central and Eastern Europe,55.0,5.9,4,2016,MEX,74.92,107.28,8739.756
100,Montenegro,Central and Eastern Europe,88.0,5.16,4,2016,MNE,76.57,0.0,7028.9366
101,Montenegro,Central and Eastern Europe,82.0,5.19,4,2015,MNE,76.45,0.0,6514.2727
102,Montenegro,Central and Eastern Europe,83.0,5.24,4,2017,MNE,76.67,0.0,7784.0653
103,Montenegro,Central and Eastern Europe,81.0,5.35,4,2018,MNE,76.77,0.0,8845.9142
104,Montenegro,Central and Eastern Europe,73.0,5.52,4,2019,MNE,76.88,0.0,
105,Poland,Central and Eastern Europe,60.0,5.79,4,2015,POL,77.86,100.0,12572.3079
106,Poland,Central and Eastern Europe,57.0,5.84,4,2016,POL,78.11,101.86,12431.5754
107,Poland,Central and Eastern Europe,46.0,5.97,4,2017,POL,78.34,105.78,13856.9824
108,Poland,Central and Eastern Europe,42.0,6.12,5,2018,POL,78.54,112.74,15422.4535
109,Poland,Central and Eastern Europe,40.0,6.18,5,2019,POL,78.73,0.0,
110,Romania,Central and Eastern Europe,86.0,5.12,4,2015,ROU,75.48,100.0,8977.4374
111,Romania,Central and Eastern Europe,71.0,5.53,4,2016,ROU,75.64,105.95,9567.0317
112,Romania,Central and Eastern Europe,57.0,5.82,4,2017,ROU,75.79,112.36,10807.6845
113,Romania,Central and Eastern Europe,52.0,5.94,4,2018,ROU,75.92,118.62,12306.1097
114,Romania,Central and Eastern Europe,48.0,6.07,5,2019,ROU,76.05,0.0,
115,Russia,Central and Eastern Europe,68.0,5.65,4,2019,RUS,72.58,0.0,
116,Russia,Central and Eastern Europe,64.0,5.72,4,2015,RUS,71.46,100.0,9313.7875
117,Russia,Central and Eastern Europe,59.0,5.81,4,2018,RUS,72.39,93.52,11288.8784
118,Russia,Central and Eastern Europe,56.0,5.86,4,2016,RUS,71.83,94.69,8745.3751
119,Russia,Central and Eastern Europe,49.0,5.96,4,2017,RUS,72.14,91.27,10750.5871
120,Serbia,Central and Eastern Europe,87.0,5.12,4,2015,SRB,75.31,0.0,5585.1179
121,Serbia,Central and Eastern Europe,86.0,5.18,4,2016,SRB,75.5,0.0,5756.3812
122,Serbia,Central and Eastern Europe,73.0,5.39,4,2017,SRB,75.68,0.0,6284.1927
123,Serbia,Central and Eastern Europe,78.0,5.4,4,2018,SRB,75.85,0.0,7246.192
124,Serbia,Central and Eastern Europe,70.0,5.6,4,2019,SRB,76.0,0.0,
125,Slovakia,Central and Eastern Europe,45.0,6.0,4,2015,SVK,76.83,100.0,16309.0732
126,Slovakia,Central and Eastern Europe,45.0,6.08,5,2016,SVK,77.03,106.7,16505.9981
127,Slovakia,Central and Eastern Europe,40.0,6.1,5,2017,SVK,77.22,112.99,17510.089
128,Slovakia,Central and Eastern Europe,39.0,6.17,5,2018,SVK,77.39,121.32,19443.5625
129,Slovakia,Central and Eastern Europe,38.0,6.2,5,2019,SVK,77.54,0.0,
130,Slovenia,Central and Eastern Europe,62.0,5.76,4,2017,SVN,81.02,111.56,23442.7043
131,Slovenia,Central and Eastern Europe,63.0,5.77,4,2016,SVN,80.85,103.25,21622.5807
132,Slovenia,Central and Eastern Europe,55.0,5.85,4,2015,SVN,80.67,100.0,20881.7668
133,Slovenia,Central and Eastern Europe,51.0,5.95,4,2018,SVN,81.17,122.46,26041.819
134,Slovenia,Central and Eastern Europe,44.0,6.12,5,2019,SVN,81.32,130.95,
135,Tajikistan,Central and Eastern Europe,106.0,4.79,3,2015,TJK,70.14,0.0,929.0959
136,Tajikistan,Central and Eastern Europe,100.0,5.0,3,2016,TJK,70.4,0.0,802.518
137,Tajikistan,Central and Eastern Europe,96.0,5.04,4,2017,TJK,70.65,0.0,806.0416
138,Tajikistan,Central and Eastern Europe,88.0,5.2,4,2018,TJK,70.88,0.0,826.6215
139,Tajikistan,Central and Eastern Europe,74.0,5.47,4,2019,TJK,71.1,0.0,
140,Turkmenistan,Central and Eastern Europe,87.0,5.25,4,2019,TKM,68.19,0.0,
141,Turkmenistan,Central and Eastern Europe,70.0,5.55,4,2015,TKM,67.7,0.0,6432.6807
142,Turkmenistan,Central and Eastern Europe,68.0,5.64,4,2018,TKM,68.07,0.0,6966.6354
143,Turkmenistan,Central and Eastern Europe,65.0,5.66,4,2016,TKM,67.83,0.0,6389.5484
144,Turkmenistan,Central and Eastern Europe,59.0,5.82,4,2017,TKM,67.96,0.0,6587.0903
145,Ukraine,Central and Eastern Europe,132.0,4.1,3,2017,UKR,71.84,0.0,2640.6757
146,Ukraine,Central and Eastern Europe,138.0,4.1,3,2018,UKR,71.95,0.0,3095.1736
147,Ukraine,Central and Eastern Europe,123.0,4.32,3,2016,UKR,71.71,0.0,2187.732
148,Ukraine,Central and Eastern Europe,133.0,4.33,3,2019,UKR,72.06,0.0,
149,Ukraine,Central and Eastern Europe,111.0,4.68,3,2015,UKR,71.54,0.0,2124.6627
150,Uzbekistan,Central and Eastern Europe,47.0,5.97,4,2017,UZB,71.39,0.0,1826.5669
151,Uzbekistan,Central and Eastern Europe,49.0,5.99,4,2016,UZB,71.17,0.0,2567.7992
152,Uzbekistan,Central and Eastern Europe,44.0,6.0,5,2015,UZB,70.93,0.0,2615.0251
153,Uzbekistan,Central and Eastern Europe,44.0,6.1,5,2018,UZB,71.57,0.0,1532.3717
154,Uzbekistan,Central and Eastern Europe,41.0,6.17,5,2019,UZB,71.72,0.0,
155,China,Eastern Asia,84.0,5.14,4,2015,CHN,75.93,100.0,8033.388
156,China,Eastern Asia,93.0,5.19,4,2019,CHN,76.91,139.5,
157,China,Eastern Asia,83.0,5.24,4,2016,CHN,76.21,112.23,8078.7905
158,China,Eastern Asia,86.0,5.25,4,2018,CHN,76.7,134.27,9770.8471
159,China,Eastern Asia,79.0,5.27,4,2017,CHN,76.47,126.99,8759.0416
160,Hong Kong,Eastern Asia,76.0,5.43,4,2018,HKG,84.69,0.0,48675.6165
161,Hong Kong,Eastern Asia,76.0,5.43,4,2019,HKG,84.86,0.0,
162,Hong Kong,Eastern Asia,75.0,5.46,4,2016,HKG,84.28,0.0,43734.25
163,Hong Kong,Eastern Asia,75.0,5.46,4,2017,HKG,84.49,0.0,46225.7819
164,Hong Kong,Eastern Asia,72.0,5.47,4,2015,HKG,84.04,0.0,42431.8883
165,Japan,Eastern Asia,58.0,5.89,4,2019,JPN,84.63,108.65,
166,Japan,Eastern Asia,54.0,5.92,4,2018,JPN,84.47,106.88,39289.9584
167,Japan,Eastern Asia,51.0,5.92,4,2017,JPN,84.29,104.83,38331.9794
168,Japan,Eastern Asia,53.0,5.92,4,2016,JPN,84.09,102.22,38794.3309
169,Japan,Eastern Asia,46.0,5.99,4,2015,JPN,83.88,100.0,34524.4699
170,Mongolia,Eastern Asia,100.0,4.87,3,2015,MNG,69.11,0.0,3918.5792
171,Mongolia,Eastern Asia,101.0,4.91,3,2016,MNG,69.32,0.0,3660.1507
172,Mongolia,Eastern Asia,100.0,4.95,3,2017,MNG,69.51,0.0,3669.4175
173,Mongolia,Eastern Asia,94.0,5.12,4,2018,MNG,69.69,0.0,4121.7324
174,Mongolia,Eastern Asia,83.0,5.28,4,2019,MNG,69.87,0.0,
175,South Korea,Eastern Asia,57.0,5.84,4,2016,KOR,82.38,101.62,27623.2887
176,South Korea,Eastern Asia,55.0,5.84,4,2017,KOR,82.63,102.85,29803.2315
177,South Korea,Eastern Asia,57.0,5.88,4,2018,KOR,82.85,104.28,31380.1464
178,South Korea,Eastern Asia,54.0,5.9,4,2019,KOR,83.03,103.97,
179,South Korea,Eastern Asia,47.0,5.98,4,2015,KOR,82.1,100.0,27105.0762
180,Taiwan(China),Eastern Asia,38.0,6.3,5,2015,TWN,79.74,0.0,
181,Taiwan(China),Eastern Asia,33.0,6.42,5,2016,TWN,79.93,0.0,
182,Taiwan(China),Eastern Asia,28.0,6.42,5,2017,TWN,80.11,0.0,
183,Taiwan(China),Eastern Asia,26.0,6.44,5,2018,TWN,80.28,0.0,
184,Taiwan(China),Eastern Asia,25.0,6.45,5,2019,TWN,80.46,0.0,
185,Argentina,Latin America and Caribbean,47.0,6.09,5,2019,ARG,76.67,0.0,
186,Argentina,Latin America and Caribbean,29.0,6.39,5,2018,ARG,76.52,0.0,11683.9496
187,Argentina,Latin America and Caribbean,30.0,6.57,5,2015,ARG,76.07,0.0,13789.0604
188,Argentina,Latin America and Caribbean,24.0,6.6,5,2017,ARG,76.37,0.0,14591.8634
189,Argentina,Latin America and Caribbean,26.0,6.65,5,2016,ARG,76.22,0.0,12790.2425
190,Bolivia,Latin America and Caribbean,62.0,5.75,4,2018,BOL,71.24,0.0,3548.5901
191,Bolivia,Latin America and Caribbean,61.0,5.78,4,2019,BOL,71.51,0.0,
192,Bolivia,Latin America and Caribbean,59.0,5.82,4,2016,BOL,70.63,0.0,3076.6589
193,Bolivia,Latin America and Caribbean,58.0,5.82,4,2017,BOL,70.94,0.0,3351.1241
194,Bolivia,Latin America and Caribbean,51.0,5.89,4,2015,BOL,70.28,0.0,3035.9722
195,Brazil,Latin America and Caribbean,32.0,6.3,5,2019,BRA,75.88,0.0,
196,Brazil,Latin America and Caribbean,28.0,6.42,5,2018,BRA,75.67,0.0,9001.2342
197,Brazil,Latin America and Caribbean,22.0,6.64,5,2017,BRA,75.46,0.0,9925.3862
198,Brazil,Latin America and Caribbean,17.0,6.95,5,2016,BRA,75.23,0.0,8710.0967
199,Brazil,Latin America and Caribbean,16.0,6.98,5,2015,BRA,74.99,0.0,8814.001
200,Chile,Latin America and Caribbean,26.0,6.44,5,2019,CHL,80.18,0.0,
201,Chile,Latin America and Caribbean,25.0,6.48,5,2018,CHL,80.04,118.28,15923.3587
202,Chile,Latin America and Caribbean,20.0,6.65,5,2017,CHL,79.91,110.25,15037.3503
203,Chile,Latin America and Caribbean,27.0,6.67,5,2015,CHL,79.65,100.0,13574.1718
204,Chile,Latin America and Caribbean,24.0,6.7,5,2016,CHL,79.78,102.82,13748.0877
205,Colombia,Latin America and Caribbean,43.0,6.12,5,2019,COL,77.29,0.0,
206,Colombia,Latin America and Caribbean,37.0,6.26,5,2018,COL,77.11,127.43,6667.7907
207,Colombia,Latin America and Caribbean,36.0,6.36,5,2017,COL,76.92,119.33,6375.9321
208,Colombia,Latin America and Caribbean,33.0,6.48,5,2015,COL,76.53,100.0,6175.876
209,Colombia,Latin America and Caribbean,31.0,6.48,5,2016,COL,76.73,111.61,5871.2235
210,Costa Rica,Latin America and Caribbean,13.0,7.07,6,2018,CRI,80.1,0.0,12027.3659
211,Costa Rica,Latin America and Caribbean,12.0,7.08,6,2017,CRI,79.91,0.0,11752.5434
212,Costa Rica,Latin America and Caribbean,14.0,7.09,6,2016,CRI,79.74,0.0,11666.4559
213,Costa Rica,Latin America and Caribbean,12.0,7.17,6,2019,CRI,80.28,0.0,
214,Costa Rica,Latin America and Caribbean,12.0,7.23,6,2015,CRI,79.56,0.0,11299.1355
215,Dominican Republic,Latin America and Caribbean,98.0,4.88,3,2015,DOM,73.24,0.0,6921.5174
216,Dominican Republic,Latin America and Caribbean,89.0,5.16,4,2016,DOM,73.47,0.0,7280.8732
217,Dominican Republic,Latin America and Caribbean,86.0,5.23,4,2017,DOM,73.69,0.0,7609.3455
218,Dominican Republic,Latin America and Caribbean,83.0,5.3,4,2018,DOM,73.89,0.0,8050.6316
219,Dominican Republic,Latin America and Caribbean,77.0,5.42,4,2019,DOM,74.08,0.0,
220,Ecuador,Latin America and Caribbean,48.0,5.97,4,2018,ECU,76.8,0.0,6344.872
221,Ecuador,Latin America and Caribbean,48.0,5.98,4,2015,ECU,76.14,0.0,6124.4916
222,Ecuador,Latin America and Caribbean,51.0,5.98,4,2016,ECU,76.36,0.0,6060.0933
223,Ecuador,Latin America and Caribbean,44.0,6.01,5,2017,ECU,76.58,0.0,6213.5013
224,Ecuador,Latin America and Caribbean,50.0,6.03,5,2019,ECU,77.01,0.0,
225,El Salvador,Latin America and Caribbean,45.0,6.0,5,2017,DOM,73.69,0.0,7609.3455
226,El Salvador,Latin America and Caribbean,46.0,6.07,5,2016,DOM,73.47,0.0,7280.8732
227,El Salvador,Latin America and Caribbean,42.0,6.13,5,2015,DOM,73.24,0.0,6921.5174
228,El Salvador,Latin America and Caribbean,40.0,6.17,5,2018,DOM,73.89,0.0,8050.6316
229,El Salvador,Latin America and Caribbean,35.0,6.25,5,2019,DOM,74.08,0.0,
230,Guatemala,Latin America and Caribbean,43.0,6.12,5,2015,GTM,73.25,0.0,3923.5733
231,Guatemala,Latin America and Caribbean,39.0,6.32,5,2016,GTM,73.54,0.0,4140.5898
232,Guatemala,Latin America and Caribbean,30.0,6.38,5,2018,GTM,74.06,0.0,4549.0101
233,Guatemala,Latin America and Caribbean,27.0,6.44,5,2019,GTM,74.3,0.0,
234,Guatemala,Latin America and Caribbean,29.0,6.45,5,2017,GTM,73.81,0.0,4470.61
235,Haiti,Latin America and Caribbean,148.0,3.58,2,2018,HTI,63.66,0.0,868.342
236,Haiti,Latin America and Caribbean,147.0,3.6,2,2019,HTI,64.0,0.0,
237,Haiti,Latin America and Caribbean,145.0,3.6,2,2017,HTI,63.29,0.0,765.7273
238,Haiti,Latin America and Caribbean,136.0,4.03,3,2016,HTI,62.9,0.0,735.3018
239,Haiti,Latin America and Caribbean,119.0,4.52,3,2015,HTI,62.48,0.0,815.7283
240,Honduras,Latin America and Caribbean,105.0,4.79,3,2015,HND,74.5,0.0,2302.2014
241,Honduras,Latin America and Caribbean,104.0,4.87,3,2016,HND,74.7,0.0,2342.5847
242,Honduras,Latin America and Caribbean,91.0,5.18,4,2017,HND,74.9,0.0,2453.7279
243,Honduras,Latin America and Caribbean,72.0,5.5,4,2018,HND,75.09,0.0,2505.7768
244,Honduras,Latin America and Caribbean,59.0,5.86,4,2019,HND,75.27,0.0,
245,Jamaica,Latin America and Caribbean,76.0,5.31,4,2017,JAM,74.27,0.0,5069.1838
246,Jamaica,Latin America and Caribbean,73.0,5.51,4,2016,JAM,74.18,0.0,4843.3385
247,Jamaica,Latin America and Caribbean,65.0,5.71,4,2015,JAM,74.1,0.0,4907.5037
248,Jamaica,Latin America and Caribbean,56.0,5.89,4,2018,JAM,74.37,0.0,5354.2369
249,Jamaica,Latin America and Caribbean,56.0,5.89,4,2019,JAM,74.47,0.0,
250,Mexico,Latin America and Caribbean,24.0,6.49,5,2018,MEX,74.99,125.95,9673.4437
251,Mexico,Latin America and Caribbean,25.0,6.58,5,2017,MEX,74.95,115.69,9278.4182
252,Mexico,Latin America and Caribbean,23.0,6.6,5,2019,MEX,75.05,136.74,
253,Mexico,Latin America and Caribbean,21.0,6.78,5,2016,MEX,74.92,107.28,8739.756
254,Mexico,Latin America and Caribbean,14.0,7.19,6,2015,MEX,74.9,100.0,9605.9524
255,Nicaragua,Latin America and Caribbean,57.0,5.83,4,2015,NIC,73.65,0.0,2049.8497
256,Nicaragua,Latin America and Caribbean,48.0,5.99,4,2016,NIC,73.86,0.0,2107.5672
257,Nicaragua,Latin America and Caribbean,43.0,6.07,5,2017,NIC,74.07,0.0,2159.1631
258,Nicaragua,Latin America and Caribbean,45.0,6.1,5,2019,NIC,74.48,0.0,
259,Nicaragua,Latin America and Caribbean,41.0,6.14,5,2018,NIC,74.28,0.0,2020.547
260,Panama,Latin America and Caribbean,31.0,6.32,5,2019,PAN,78.51,0.0,
261,Panama,Latin America and Caribbean,27.0,6.43,5,2018,PAN,78.33,0.0,15575.0725
262,Panama,Latin America and Caribbean,30.0,6.45,5,2017,PAN,78.15,0.0,15166.1244
263,Panama,Latin America and Caribbean,25.0,6.7,5,2016,PAN,77.96,0.0,14356.3241
264,Panama,Latin America and Caribbean,25.0,6.79,5,2015,PAN,77.78,0.0,13630.308
265,Paraguay,Latin America and Caribbean,70.0,5.49,4,2017,PRY,73.99,0.0,5680.5808
266,Paraguay,Latin America and Caribbean,70.0,5.54,4,2016,PRY,73.84,0.0,5319.4102
267,Paraguay,Latin America and Caribbean,64.0,5.68,4,2018,PRY,74.13,0.0,5821.8143
268,Paraguay,Latin America and Caribbean,63.0,5.74,4,2019,PRY,74.25,0.0,
269,Paraguay,Latin America and Caribbean,53.0,5.88,4,2015,PRY,73.66,0.0,5406.7039
270,Peru,Latin America and Caribbean,65.0,5.66,4,2018,PER,76.52,0.0,6941.2358
271,Peru,Latin America and Caribbean,65.0,5.7,4,2019,PER,76.74,0.0,
272,Peru,Latin America and Caribbean,63.0,5.72,4,2017,PER,76.29,0.0,6710.508
273,Peru,Latin America and Caribbean,64.0,5.74,4,2016,PER,76.04,0.0,6204.9973
274,Peru,Latin America and Caribbean,58.0,5.82,4,2015,PER,75.79,0.0,6229.1017
275,Uruguay,Latin America and Caribbean,33.0,6.29,5,2019,URY,77.91,0.0,
276,Uruguay,Latin America and Caribbean,31.0,6.38,5,2018,URY,77.77,0.0,17277.9701
277,Uruguay,Latin America and Caribbean,28.0,6.45,5,2017,URY,77.63,0.0,16437.2449
278,Uruguay,Latin America and Caribbean,32.0,6.48,5,2015,URY,77.37,0.0,15613.7643
279,Uruguay,Latin America and Caribbean,29.0,6.54,5,2016,URY,77.5,0.0,15387.144
280,Venezuela,Latin America and Caribbean,108.0,4.71,3,2019,VEN,72.06,0.0,
281,Venezuela,Latin America and Caribbean,102.0,4.81,3,2018,VEN,72.13,0.0,0.0
282,Venezuela,Latin America and Caribbean,82.0,5.25,4,2017,VEN,72.25,0.0,0.0
283,Venezuela,Latin America and Caribbean,44.0,6.08,5,2016,VEN,72.4,0.0,0.0
284,Venezuela,Latin America and Caribbean,23.0,6.81,5,2015,VEN,72.58,0.0,0.0
285,Algeria,Middle East and Northern Africa,88.0,5.21,4,2019,DZA,76.88,0.0,
286,Algeria,Middle East and Northern Africa,84.0,5.3,4,2018,DZA,76.69,0.0,4114.7151
287,Algeria,Middle East and Northern Africa,68.0,5.6,4,2015,DZA,76.09,0.0,4177.8675
288,Algeria,Middle East and Northern Africa,53.0,5.87,4,2017,DZA,76.5,0.0,4044.2984
289,Algeria,Middle East and Northern Africa,38.0,6.36,5,2016,DZA,76.3,0.0,3946.4214
290,Bahrain,Middle East and Northern Africa,49.0,5.96,4,2015,BHR,76.76,0.0,22688.9638
291,Bahrain,Middle East and Northern Africa,41.0,6.09,5,2017,BHR,77.03,0.0,23715.4827
292,Bahrain,Middle East and Northern Africa,43.0,6.1,5,2018,BHR,77.16,0.0,24050.7575
293,Bahrain,Middle East and Northern Africa,37.0,6.2,5,2019,BHR,77.29,0.0,
294,Bahrain,Middle East and Northern Africa,42.0,6.22,5,2016,BHR,76.9,0.0,22619.1167
295,Egypt,Middle East and Northern Africa,137.0,4.17,3,2019,EGY,71.99,0.0,
296,Egypt,Middle East and Northern Africa,135.0,4.19,3,2015,EGY,71.3,0.0,3598.9709
297,Egypt,Middle East and Northern Africa,120.0,4.36,3,2016,EGY,71.48,0.0,3525.0202
298,Egypt,Middle East and Northern Africa,122.0,4.42,3,2018,EGY,71.82,0.0,2549.1323
299,Egypt,Middle East and Northern Africa,104.0,4.74,3,2017,EGY,71.66,0.0,2440.5102
300,Iran,Middle East and Northern Africa,117.0,4.55,3,2019,IRN,76.68,0.0,
301,Iran,Middle East and Northern Africa,110.0,4.69,3,2015,IRN,75.8,0.0,4916.0859
302,Iran,Middle East and Northern Africa,108.0,4.69,3,2017,IRN,76.27,0.0,5627.7493
303,Iran,Middle East and Northern Africa,106.0,4.71,3,2018,IRN,76.48,0.0,0.0
304,Iran,Middle East and Northern Africa,105.0,4.81,3,2016,IRN,76.05,0.0,5265.9066
305,Iraq,Middle East and Northern Africa,126.0,4.44,3,2019,IRQ,70.6,0.0,
306,Iraq,Middle East and Northern Africa,117.0,4.46,3,2018,IRQ,70.45,0.0,5834.1662
307,Iraq,Middle East and Northern Africa,117.0,4.5,3,2017,IRQ,70.29,0.0,5205.2883
308,Iraq,Middle East and Northern Africa,112.0,4.58,3,2016,IRQ,70.12,0.0,4776.7265
309,Iraq,Middle East and Northern Africa,112.0,4.68,3,2015,IRQ,69.93,0.0,4989.8031
310,Israel,Middle East and Northern Africa,19.0,6.81,5,2018,ISR,82.82,110.72,41719.7254
311,Israel,Middle East and Northern Africa,13.0,7.14,6,2019,ISR,82.97,112.73,
312,Israel,Middle East and Northern Africa,11.0,7.21,6,2017,ISR,82.66,111.65,40541.8621
313,Israel,Middle East and Northern Africa,11.0,7.27,6,2016,ISR,82.5,107.46,37321.624
314,Israel,Middle East and Northern Africa,11.0,7.28,6,2015,ISR,82.34,100.0,35776.7952
315,Jordan,Middle East and Northern Africa,101.0,4.91,3,2019,JOR,74.53,0.0,
316,Jordan,Middle East and Northern Africa,90.0,5.16,4,2018,JOR,74.4,0.0,4241.7888
317,Jordan,Middle East and Northern Africa,82.0,5.19,4,2015,JOR,74.08,0.0,4105.449
318,Jordan,Middle East and Northern Africa,80.0,5.3,4,2016,JOR,74.18,0.0,4103.7336
319,Jordan,Middle East and Northern Africa,74.0,5.34,4,2017,JOR,74.29,0.0,4162.8207
320,Kuwait,Middle East and Northern Africa,51.0,6.02,5,2019,KWT,75.49,0.0,
321,Kuwait,Middle East and Northern Africa,45.0,6.08,5,2018,KWT,75.4,0.0,33994.4066
322,Kuwait,Middle East and Northern Africa,39.0,6.11,5,2017,KWT,75.31,0.0,29759.5324
323,Kuwait,Middle East and Northern Africa,41.0,6.24,5,2016,KWT,75.22,0.0,27653.1644
324,Kuwait,Middle East and Northern Africa,39.0,6.3,5,2015,KWT,75.13,0.0,29869.5294
325,Lebanon,Middle East and Northern Africa,103.0,4.84,3,2015,LBN,78.77,0.0,7649.8326
326,Lebanon,Middle East and Northern Africa,93.0,5.13,4,2016,LBN,78.8,0.0,7634.9465
327,Lebanon,Middle East and Northern Africa,91.0,5.2,4,2019,LBN,78.93,0.0,
328,Lebanon,Middle East and Northern Africa,88.0,5.22,4,2017,LBN,78.83,0.0,7838.3434
329,Lebanon,Middle East and Northern Africa,80.0,5.36,4,2018,LBN,78.88,0.0,8269.7877
330,Libya,Middle East and Northern Africa,72.0,5.52,4,2019,LBY,72.91,0.0,
331,Libya,Middle East and Northern Africa,68.0,5.53,4,2017,LBY,72.52,0.0,5756.4231
332,Libya,Middle East and Northern Africa,70.0,5.57,4,2018,LBY,72.72,0.0,7241.7045
333,Libya,Middle East and Northern Africa,67.0,5.62,4,2016,LBY,72.31,0.0,4035.1943
334,Libya,Middle East and Northern Africa,63.0,5.75,4,2015,LBY,72.12,0.0,4337.9191
335,Morocco,Middle East and Northern Africa,92.0,5.01,4,2015,MNG,69.11,0.0,3918.5792
336,Morocco,Middle East and Northern Africa,90.0,5.15,4,2016,MNG,69.32,0.0,3660.1507
337,Morocco,Middle East and Northern Africa,89.0,5.21,4,2019,MNG,69.87,0.0,
338,Morocco,Middle East and Northern Africa,84.0,5.24,4,2017,MNG,69.51,0.0,3669.4175
339,Morocco,Middle East and Northern Africa,85.0,5.25,4,2018,MNG,69.69,0.0,4121.7324
340,Palestinian Territories,Middle East and Northern Africa,110.0,4.7,3,2019,PSE,74.05,0.0,
341,Palestinian Territories,Middle East and Northern Africa,108.0,4.72,3,2015,PSE,73.44,0.0,2967.8517
342,Palestinian Territories,Middle East and Northern Africa,104.0,4.74,3,2018,PSE,73.9,0.0,3198.8666
343,Palestinian Territories,Middle East and Northern Africa,108.0,4.75,3,2016,PSE,73.59,0.0,3074.2912
344,Palestinian Territories,Middle East and Northern Africa,103.0,4.78,3,2017,PSE,73.74,0.0,3254.4859
345,Qatar,Middle East and Northern Africa,32.0,6.37,5,2018,QAT,80.1,0.0,68793.7844
346,Qatar,Middle East and Northern Africa,29.0,6.37,5,2019,QAT,80.23,0.0,
347,Qatar,Middle East and Northern Africa,36.0,6.38,5,2016,QAT,79.87,0.0,57163.061
348,Qatar,Middle East and Northern Africa,35.0,6.38,5,2017,QAT,79.98,0.0,61264.3965
349,Qatar,Middle East and Northern Africa,28.0,6.61,5,2015,QAT,79.76,0.0,63039.0166
350,Saudi Arabia,Middle East and Northern Africa,37.0,6.34,5,2017,SAU,74.87,88.97,20803.7426
351,Saudi Arabia,Middle East and Northern Africa,33.0,6.37,5,2018,SAU,75.0,86.46,23338.9635
352,Saudi Arabia,Middle East and Northern Africa,28.0,6.38,5,2019,SAU,75.13,0.0,
353,Saudi Arabia,Middle East and Northern Africa,34.0,6.38,5,2016,SAU,74.76,95.09,19879.2975
354,Saudi Arabia,Middle East and Northern Africa,35.0,6.41,5,2015,SAU,74.65,100.0,20627.9328
355,Syria,Middle East and Northern Africa,156.0,3.01,2,2015,SYR,69.91,0.0,0.0
356,Syria,Middle East and Northern Africa,156.0,3.07,2,2016,SYR,70.32,0.0,0.0
357,Syria,Middle East and Northern Africa,152.0,3.46,2,2017,SYR,70.97,0.0,0.0
358,Syria,Middle East and Northern Africa,150.0,3.46,2,2018,SYR,71.78,0.0,0.0
359,Syria,Middle East and Northern Africa,149.0,3.46,2,2019,SYR,72.7,0.0,
360,Tunisia,Middle East and Northern Africa,124.0,4.46,3,2019,TUN,76.7,0.0,
361,Tunisia,Middle East and Northern Africa,111.0,4.59,3,2018,TUN,76.5,0.0,3447.5079
362,Tunisia,Middle East and Northern Africa,107.0,4.74,3,2015,TUN,75.92,0.0,3861.6885
363,Tunisia,Middle East and Northern Africa,102.0,4.8,3,2017,TUN,76.31,0.0,3482.1867
364,Tunisia,Middle East and Northern Africa,98.0,5.04,4,2016,TUN,76.11,0.0,3698.0585
365,Turkey,Middle East and Northern Africa,76.0,5.33,4,2015,TUR,76.53,100.0,10948.7246
366,Turkey,Middle East and Northern Africa,79.0,5.37,4,2019,TUR,77.69,140.88,
367,Turkey,Middle East and Northern Africa,78.0,5.39,4,2016,TUR,76.86,113.6,10820.6338
368,Turkey,Middle East and Northern Africa,74.0,5.48,4,2018,TUR,77.44,134.87,9370.1763
369,Turkey,Middle East and Northern Africa,69.0,5.5,4,2017,TUR,77.16,125.37,10513.6484
370,United Arab Emirates,Middle East and Northern Africa,28.0,6.57,5,2016,ARE,77.47,0.0,38141.8468
371,United Arab Emirates,Middle East and Northern Africa,21.0,6.65,5,2017,ARE,77.65,0.0,39811.6347
372,United Arab Emirates,Middle East and Northern Africa,20.0,6.77,5,2018,ARE,77.81,0.0,43004.9534
373,United Arab Emirates,Middle East and Northern Africa,21.0,6.82,5,2019,ARE,77.97,0.0,
374,United Arab Emirates,Middle East and Northern Africa,20.0,6.9,5,2015,ARE,77.28,0.0,38663.3838
375,Yemen,Middle East and Northern Africa,152.0,3.36,2,2018,YEM,66.1,0.0,944.4085
376,Yemen,Middle East and Northern Africa,151.0,3.38,2,2019,YEM,66.12,0.0,
377,Yemen,Middle East and Northern Africa,146.0,3.59,2,2017,YEM,66.09,0.0,963.4947
378,Yemen,Middle East and Northern Africa,147.0,3.72,2,2016,YEM,66.09,0.0,1139.8706
379,Yemen,Middle East and Northern Africa,136.0,4.08,3,2015,YEM,66.08,0.0,1608.7443
380,Canada,North America,9.0,7.28,6,2019,CAN,82.43,129.74,
381,Canada,North America,7.0,7.32,6,2017,CAN,82.21,123.26,45066.1619
382,Canada,North America,7.0,7.33,6,2018,CAN,82.32,128.24,46234.3507
383,Canada,North America,6.0,7.4,6,2016,CAN,82.12,109.95,42279.9008
384,Canada,North America,5.0,7.43,6,2015,CAN,82.03,100.0,43495.0544
385,United States,North America,18.0,6.89,5,2018,USA,78.85,119.9,62886.8365
386,United States,North America,19.0,6.89,5,2019,USA,78.86,126.16,
387,United States,North America,14.0,6.99,5,2017,USA,78.86,112.57,59957.7259
388,United States,North America,13.0,7.1,6,2016,USA,78.89,105.81,57927.5169
389,United States,North America,15.0,7.12,6,2015,USA,78.91,100.0,56822.5188
390,Cambodia,Southeastern Asia,145.0,3.82,2,2015,KHM,68.64,0.0,1162.9049
391,Cambodia,Southeastern Asia,140.0,3.91,2,2016,KHM,68.98,0.0,1278.6311
392,Cambodia,Southeastern Asia,129.0,4.17,3,2017,KHM,69.29,0.0,1385.4584
393,Cambodia,Southeastern Asia,120.0,4.43,3,2018,KHM,69.57,0.0,1510.3249
394,Cambodia,Southeastern Asia,109.0,4.7,3,2019,KHM,69.82,0.0,
395,Indonesia,Southeastern Asia,96.0,5.09,4,2018,IDN,71.51,109.89,3893.5961
396,Indonesia,Southeastern Asia,92.0,5.19,4,2019,IDN,71.72,0.0,
397,Indonesia,Southeastern Asia,81.0,5.26,4,2017,IDN,71.28,106.42,3836.9138
398,Indonesia,Southeastern Asia,79.0,5.31,4,2016,IDN,71.04,103.16,3562.8458
399,Indonesia,Southeastern Asia,74.0,5.4,4,2015,IDN,70.77,100.0,3331.6951
400,Laos,Southeastern Asia,110.0,4.62,3,2018,LAO,67.61,0.0,2542.4865
401,Laos,Southeastern Asia,105.0,4.8,3,2019,LAO,67.92,0.0,
402,Laos,Southeastern Asia,99.0,4.88,3,2015,LAO,66.55,0.0,2134.7118
403,Laos,Southeastern Asia,102.0,4.88,3,2016,LAO,66.92,0.0,2308.8005
404,Laos,Southeastern Asia,102.0,4.88,3,2017,LAO,67.28,0.0,2423.8462
405,Malaysia,Southeastern Asia,80.0,5.34,4,2019,MYS,76.16,0.0,
406,Malaysia,Southeastern Asia,61.0,5.77,4,2015,MYS,75.46,0.0,9955.2421
407,Malaysia,Southeastern Asia,47.0,6.0,5,2016,MYS,75.65,0.0,9817.7409
408,Malaysia,Southeastern Asia,42.0,6.08,5,2017,MYS,75.83,0.0,10254.234
409,Malaysia,Southeastern Asia,35.0,6.32,5,2018,MYS,76.0,0.0,11373.233
410,Myanmar,Southeastern Asia,129.0,4.31,3,2015,MMR,65.81,0.0,1133.0028
411,Myanmar,Southeastern Asia,130.0,4.31,3,2018,MMR,66.87,0.0,1325.9529
412,Myanmar,Southeastern Asia,131.0,4.36,3,2019,MMR,67.13,0.0,
413,Myanmar,Southeastern Asia,119.0,4.39,3,2016,MMR,66.2,0.0,1192.4953
414,Myanmar,Southeastern Asia,114.0,4.55,3,2017,MMR,66.56,0.0,1249.8287
415,Philippines,Southeastern Asia,90.0,5.07,4,2015,PHL,70.64,0.0,2867.152
416,Philippines,Southeastern Asia,82.0,5.28,4,2016,PHL,70.8,0.0,2941.212
417,Philippines,Southeastern Asia,72.0,5.43,4,2017,PHL,70.95,0.0,2981.9342
418,Philippines,Southeastern Asia,71.0,5.52,4,2018,PHL,71.1,0.0,3102.7134
419,Philippines,Southeastern Asia,69.0,5.63,4,2019,PHL,71.23,0.0,
420,Singapore,Southeastern Asia,34.0,6.26,5,2019,SGP,83.62,0.0,
421,Singapore,Southeastern Asia,34.0,6.34,5,2018,SGP,83.46,0.0,64581.944
422,Singapore,Southeastern Asia,26.0,6.57,5,2017,SGP,83.28,0.0,60297.7938
423,Singapore,Southeastern Asia,22.0,6.74,5,2016,SGP,83.08,0.0,56724.1704
424,Singapore,Southeastern Asia,24.0,6.8,5,2015,SGP,82.88,0.0,55646.6187
425,Thailand,Southeastern Asia,52.0,6.01,5,2019,THA,77.15,0.0,
426,Thailand,Southeastern Asia,46.0,6.07,5,2018,THA,76.93,0.0,7273.5632
427,Thailand,Southeastern Asia,32.0,6.42,5,2017,THA,76.68,0.0,6578.1889
428,Thailand,Southeastern Asia,34.0,6.46,5,2015,THA,76.09,0.0,5840.0469
429,Thailand,Southeastern Asia,33.0,6.47,5,2016,THA,76.4,0.0,5978.6115
430,Vietnam,Southeastern Asia,96.0,5.06,4,2016,VNM,75.17,0.0,2192.2145
431,Vietnam,Southeastern Asia,94.0,5.07,4,2017,VNM,75.24,0.0,2365.6217
432,Vietnam,Southeastern Asia,95.0,5.1,4,2018,VNM,75.32,0.0,2566.5969
433,Vietnam,Southeastern Asia,94.0,5.18,4,2019,VNM,75.4,0.0,
434,Vietnam,Southeastern Asia,75.0,5.36,4,2015,VNM,75.11,0.0,2085.1015
435,Afghanistan,Southern Asia,154.0,3.2,2,2019,AFG,64.83,0.0,
436,Afghanistan,Southern Asia,154.0,3.36,2,2016,AFG,63.76,0.0,547.2281
437,Afghanistan,Southern Asia,153.0,3.58,2,2015,AFG,63.38,0.0,578.4664
438,Afghanistan,Southern Asia,145.0,3.63,2,2018,AFG,64.49,0.0,520.8966
439,Afghanistan,Southern Asia,141.0,3.79,2,2017,AFG,64.13,0.0,556.3021
440,Bangladesh,Southern Asia,125.0,4.46,3,2019,BGD,72.59,0.0,
441,Bangladesh,Southern Asia,115.0,4.5,3,2018,BGD,72.32,0.0,1698.2628
442,Bangladesh,Southern Asia,110.0,4.61,3,2017,BGD,72.05,0.0,1563.9941
443,Bangladesh,Southern Asia,110.0,4.64,3,2016,BGD,71.78,0.0,1401.6206
444,Bangladesh,Southern Asia,109.0,4.69,3,2015,BGD,71.51,0.0,1248.4534
445,Bhutan,Southern Asia,97.0,5.01,4,2017,BGD,72.05,0.0,1563.9941
446,Bhutan,Southern Asia,97.0,5.08,4,2018,BGD,72.32,0.0,1698.2628
447,Bhutan,Southern Asia,95.0,5.08,4,2019,BGD,72.59,0.0,
448,Bhutan,Southern Asia,84.0,5.2,4,2016,BGD,71.78,0.0,1401.6206
449,Bhutan,Southern Asia,79.0,5.25,4,2015,BGD,71.51,0.0,1248.4534
450,India,Southern Asia,140.0,4.01,3,2019,IND,69.66,0.0,
451,India,Southern Asia,133.0,4.19,3,2018,IND,69.42,122.25,2009.9789
452,India,Southern Asia,122.0,4.32,3,2017,IND,69.17,115.66,1981.2687
453,India,Southern Asia,118.0,4.4,3,2016,IND,68.9,106.69,1729.268
454,India,Southern Asia,117.0,4.57,3,2015,IND,68.61,100.0,1605.6054
455,Nepal,Southern Asia,121.0,4.51,3,2015,NPL,69.52,0.0,792.5529
456,Nepal,Southern Asia,107.0,4.79,3,2016,NPL,69.85,0.0,777.1476
457,Nepal,Southern Asia,101.0,4.88,3,2018,NPL,70.48,0.0,1033.9124
458,Nepal,Southern Asia,100.0,4.91,3,2019,NPL,70.78,0.0,
459,Nepal,Southern Asia,99.0,4.96,3,2017,NPL,70.17,0.0,911.4443
460,Pakistan,Southern Asia,92.0,5.13,4,2016,PAK,66.77,0.0,1368.4543
461,Pakistan,Southern Asia,81.0,5.19,4,2015,PAK,66.58,0.0,1356.6678
462,Pakistan,Southern Asia,80.0,5.27,4,2017,PAK,66.95,0.0,1464.9933
463,Pakistan,Southern Asia,75.0,5.47,4,2018,PAK,67.11,0.0,1482.4031
464,Pakistan,Southern Asia,67.0,5.65,4,2019,PAK,67.27,0.0,
465,Sri Lanka,Southern Asia,132.0,4.27,3,2015,LKA,76.32,0.0,3843.7807
466,Sri Lanka,Southern Asia,130.0,4.37,3,2019,LKA,76.98,0.0,
467,Sri Lanka,Southern Asia,117.0,4.42,3,2016,LKA,76.48,0.0,3886.2915
468,Sri Lanka,Southern Asia,120.0,4.44,3,2017,LKA,76.65,0.0,4104.631
469,Sri Lanka,Southern Asia,116.0,4.47,3,2018,LKA,76.81,0.0,4102.4814
470,Angola,Sub-Saharan Africa,142.0,3.8,2,2018,AGO,60.78,0.0,3432.3857
471,Angola,Sub-Saharan Africa,142.0,3.8,2,2019,AGO,61.15,0.0,
472,Angola,Sub-Saharan Africa,140.0,3.8,2,2017,AGO,60.38,0.0,4095.8129
473,Angola,Sub-Saharan Africa,141.0,3.87,2,2016,AGO,59.92,0.0,3506.0729
474,Angola,Sub-Saharan Africa,137.0,4.03,3,2015,AGO,59.4,0.0,4166.9797
475,Benin,Sub-Saharan Africa,155.0,3.34,2,2015,BHR,76.76,0.0,22688.9638
476,Benin,Sub-Saharan Africa,153.0,3.48,2,2016,BHR,76.9,0.0,22619.1167
477,Benin,Sub-Saharan Africa,143.0,3.66,2,2017,BHR,77.03,0.0,23715.4827
478,Benin,Sub-Saharan Africa,136.0,4.14,3,2018,BHR,77.16,0.0,24050.7575
479,Benin,Sub-Saharan Africa,102.0,4.88,3,2019,BHR,77.29,0.0,
480,Botswana,Sub-Saharan Africa,148.0,3.49,2,2019,BWA,69.59,0.0,
481,Botswana,Sub-Saharan Africa,146.0,3.59,2,2018,BWA,69.28,0.0,8258.6417
482,Botswana,Sub-Saharan Africa,142.0,3.77,2,2017,BWA,68.81,0.0,7893.2101
483,Botswana,Sub-Saharan Africa,137.0,3.97,2,2016,BWA,68.18,0.0,7243.853
484,Botswana,Sub-Saharan Africa,128.0,4.33,3,2015,BWA,67.34,0.0,6799.8752
485,Burkina Faso,Sub-Saharan Africa,152.0,3.59,2,2015,BFA,59.92,0.0,575.3145
486,Burkina Faso,Sub-Saharan Africa,145.0,3.74,2,2016,BFA,60.35,0.0,582.7954
487,Burkina Faso,Sub-Saharan Africa,134.0,4.03,3,2017,BFA,60.77,0.0,642.4298
488,Burkina Faso,Sub-Saharan Africa,121.0,4.42,3,2018,BFA,61.17,0.0,715.1229
489,Burkina Faso,Sub-Saharan Africa,115.0,4.59,3,2019,BFA,61.58,0.0,
490,Burundi,Sub-Saharan Africa,154.0,2.9,1,2017,BDI,60.9,0.0,292.9976
491,Burundi,Sub-Saharan Africa,157.0,2.9,1,2015,BDI,60.12,0.0,305.5498
492,Burundi,Sub-Saharan Africa,157.0,2.9,1,2016,BDI,60.53,0.0,282.1931
493,Burundi,Sub-Saharan Africa,156.0,2.9,1,2018,BDI,61.25,0.0,271.752
494,Burundi,Sub-Saharan Africa,145.0,3.78,2,2019,BDI,61.58,0.0,
495,Cameroon,Sub-Saharan Africa,133.0,4.25,3,2015,CMR,57.58,0.0,1326.9693
496,Cameroon,Sub-Saharan Africa,114.0,4.51,3,2016,CMR,58.06,0.0,1363.4039
497,Cameroon,Sub-Saharan Africa,107.0,4.7,3,2017,CMR,58.51,0.0,1421.5875
498,Cameroon,Sub-Saharan Africa,99.0,4.97,3,2018,CMR,58.92,0.0,1533.7421
499,Cameroon,Sub-Saharan Africa,96.0,5.04,4,2019,CMR,59.29,0.0,
500,Chad,Sub-Saharan Africa,149.0,3.67,2,2015,TCD,53.14,0.0,775.7075
501,Chad,Sub-Saharan Africa,144.0,3.76,2,2016,TCD,53.44,0.0,692.9786
502,Chad,Sub-Saharan Africa,137.0,3.94,2,2017,TCD,53.71,0.0,664.3033
503,Chad,Sub-Saharan Africa,131.0,4.3,3,2018,TCD,53.98,0.0,728.3432
504,Chad,Sub-Saharan Africa,132.0,4.35,3,2019,TCD,54.24,0.0,
505,Congo (Brazzaville),Sub-Saharan Africa,139.0,3.99,2,2015,COG,63.1,0.0,1761.3236
506,Congo (Brazzaville),Sub-Saharan Africa,127.0,4.24,3,2016,COG,63.56,0.0,1814.0634
507,Congo (Brazzaville),Sub-Saharan Africa,124.0,4.29,3,2017,COG,63.95,0.0,1702.5713
508,Congo (Brazzaville),Sub-Saharan Africa,114.0,4.56,3,2018,COG,64.29,0.0,2147.7695
509,Congo (Brazzaville),Sub-Saharan Africa,103.0,4.81,3,2019,COG,64.57,0.0,
510,Ethiopia,Sub-Saharan Africa,134.0,4.29,3,2019,EGY,71.99,0.0,
511,Ethiopia,Sub-Saharan Africa,127.0,4.35,3,2018,EGY,71.82,0.0,2549.1323
512,Ethiopia,Sub-Saharan Africa,119.0,4.46,3,2017,EGY,71.66,0.0,2440.5102
513,Ethiopia,Sub-Saharan Africa,115.0,4.51,3,2016,EGY,71.48,0.0,3525.0202
514,Ethiopia,Sub-Saharan Africa,122.0,4.51,3,2015,EGY,71.3,0.0,3598.9709
515,Gabon,Sub-Saharan Africa,143.0,3.9,2,2015,GAB,64.91,0.0,7381.7467
516,Gabon,Sub-Saharan Africa,134.0,4.12,3,2016,GAB,65.42,0.0,6979.7092
517,Gabon,Sub-Saharan Africa,118.0,4.47,3,2017,GAB,65.84,0.0,7212.5357
518,Gabon,Sub-Saharan Africa,103.0,4.76,3,2018,GAB,66.19,0.0,7952.5259
519,Gabon,Sub-Saharan Africa,104.0,4.8,3,2019,GAB,66.47,0.0,
520,Ghana,Sub-Saharan Africa,131.0,4.12,3,2017,GHA,63.46,0.0,2025.8859
521,Ghana,Sub-Saharan Africa,124.0,4.28,3,2016,GHA,63.12,0.0,1931.3895
522,Ghana,Sub-Saharan Africa,114.0,4.63,3,2015,GHA,62.77,0.0,1766.0057
523,Ghana,Sub-Saharan Africa,108.0,4.66,3,2018,GHA,63.78,0.0,2202.3122
524,Ghana,Sub-Saharan Africa,98.0,5.0,3,2019,GHA,64.07,0.0,
525,Guinea,Sub-Saharan Africa,149.0,3.51,2,2017,GIN,60.71,0.0,855.5736
526,Guinea,Sub-Saharan Africa,151.0,3.61,2,2016,GIN,60.17,0.0,732.9622
527,Guinea,Sub-Saharan Africa,150.0,3.66,2,2015,GIN,59.6,0.0,769.256
528,Guinea,Sub-Saharan Africa,140.0,3.96,2,2018,GIN,61.18,0.0,878.5996
529,Guinea,Sub-Saharan Africa,118.0,4.53,3,2019,GIN,61.6,0.0,
530,Kenya,Sub-Saharan Africa,122.0,4.36,3,2016,KEN,65.39,0.0,1410.5276
531,Kenya,Sub-Saharan Africa,124.0,4.41,3,2018,KEN,66.34,0.0,1710.5101
532,Kenya,Sub-Saharan Africa,125.0,4.42,3,2015,KEN,64.8,0.0,1336.8833
533,Kenya,Sub-Saharan Africa,121.0,4.51,3,2019,KEN,66.7,0.0,
534,Kenya,Sub-Saharan Africa,112.0,4.55,3,2017,KEN,65.91,0.0,1568.2015
535,Lesotho,Sub-Saharan Africa,144.0,3.8,2,2019,LSO,54.33,0.0,
536,Lesotho,Sub-Saharan Africa,141.0,3.81,2,2018,LSO,53.7,0.0,1299.1531
537,Lesotho,Sub-Saharan Africa,139.0,3.81,2,2017,LSO,52.95,0.0,1226.6126
538,Lesotho,Sub-Saharan Africa,97.0,4.9,3,2015,LSO,51.04,0.0,1112.0814
539,Lesotho,Sub-Saharan Africa,97.0,4.9,3,2016,LSO,52.06,0.0,1115.3361
540,Liberia,Sub-Saharan Africa,149.0,3.5,2,2018,LBR,63.73,0.0,677.3222
541,Liberia,Sub-Saharan Africa,148.0,3.53,2,2017,LBR,63.3,0.0,698.7018
542,Liberia,Sub-Saharan Africa,150.0,3.62,2,2016,LBR,62.8,0.0,714.6234
543,Liberia,Sub-Saharan Africa,141.0,3.98,2,2019,LBR,64.1,0.0,
544,Liberia,Sub-Saharan Africa,116.0,4.57,3,2015,LBR,62.27,0.0,710.3839
545,Madagascar,Sub-Saharan Africa,144.0,3.64,2,2017,MDG,66.31,0.0,515.2927
546,Madagascar,Sub-Saharan Africa,147.0,3.68,2,2015,MDG,65.54,0.0,467.2353
547,Madagascar,Sub-Saharan Africa,148.0,3.7,2,2016,MDG,65.93,0.0,475.9554
548,Madagascar,Sub-Saharan Africa,143.0,3.77,2,2018,MDG,66.68,0.0,527.5013
549,Madagascar,Sub-Saharan Africa,143.0,3.93,2,2019,MDG,67.04,0.0,
550,Malawi,Sub-Saharan Africa,150.0,3.41,2,2019,MWI,64.26,0.0,
551,Malawi,Sub-Saharan Africa,147.0,3.59,2,2018,MWI,63.8,0.0,389.398
552,Malawi,Sub-Saharan Africa,136.0,3.97,2,2017,MWI,63.28,0.0,356.7176
553,Malawi,Sub-Saharan Africa,132.0,4.16,3,2016,MWI,62.68,0.0,315.7773
554,Malawi,Sub-Saharan Africa,131.0,4.29,3,2015,MWI,61.95,0.0,380.597
555,Mali,Sub-Saharan Africa,138.0,4.0,2,2015,MLI,57.51,0.0,751.1706
556,Mali,Sub-Saharan Africa,135.0,4.07,3,2016,MLI,57.99,0.0,779.8749
557,Mali,Sub-Saharan Africa,127.0,4.19,3,2017,MLI,58.45,0.0,828.512
558,Mali,Sub-Saharan Africa,128.0,4.39,3,2019,MLI,59.31,0.0,
559,Mali,Sub-Saharan Africa,118.0,4.45,3,2018,MLI,58.89,0.0,899.6599
560,Mauritania,Sub-Saharan Africa,130.0,4.2,3,2016,MLI,57.99,0.0,779.8749
561,Mauritania,Sub-Saharan Africa,123.0,4.29,3,2017,MLI,58.45,0.0,828.512
562,Mauritania,Sub-Saharan Africa,126.0,4.36,3,2018,MLI,58.89,0.0,899.6599
563,Mauritania,Sub-Saharan Africa,124.0,4.44,3,2015,MLI,57.51,0.0,751.1706
564,Mauritania,Sub-Saharan Africa,122.0,4.49,3,2019,MLI,59.31,0.0,
565,Mauritius,Sub-Saharan Africa,71.0,5.48,4,2015,MLT,81.9,0.0,24077.0108
566,Mauritius,Sub-Saharan Africa,64.0,5.63,4,2017,MLT,82.22,0.0,27283.5447
567,Mauritius,Sub-Saharan Africa,66.0,5.65,4,2016,MLT,82.06,0.0,25151.5196
568,Mauritius,Sub-Saharan Africa,57.0,5.89,4,2019,MLT,82.53,0.0,
569,Mauritius,Sub-Saharan Africa,55.0,5.89,4,2018,MLT,82.38,0.0,30029.967
570,Mozambique,Sub-Saharan Africa,123.0,4.42,3,2018,MNE,76.77,0.0,8845.9142
571,Mozambique,Sub-Saharan Africa,123.0,4.47,3,2019,MNE,76.88,0.0,
572,Mozambique,Sub-Saharan Africa,113.0,4.55,3,2017,MNE,76.67,0.0,7784.0653
573,Mozambique,Sub-Saharan Africa,94.0,4.97,3,2015,MNE,76.45,0.0,6514.2727
574,Mozambique,Sub-Saharan Africa,94.0,4.97,3,2016,MNE,76.57,0.0,7028.9366
575,Namibia,Sub-Saharan Africa,119.0,4.44,3,2018,NAM,63.37,0.0,5931.4539
576,Namibia,Sub-Saharan Africa,111.0,4.57,3,2017,NAM,63.02,0.0,5646.456
577,Namibia,Sub-Saharan Africa,113.0,4.57,3,2015,NAM,62.12,0.0,5032.8898
578,Namibia,Sub-Saharan Africa,113.0,4.57,3,2016,NAM,62.62,0.0,4786.2353
579,Namibia,Sub-Saharan Africa,113.0,4.64,3,2019,NAM,63.71,0.0,
580,Niger,Sub-Saharan Africa,144.0,3.84,2,2015,NER,60.63,0.0,360.8534
581,Niger,Sub-Saharan Africa,142.0,3.86,2,2016,NER,61.14,0.0,362.1311
582,Niger,Sub-Saharan Africa,135.0,4.03,3,2017,NER,61.6,0.0,375.8695
583,Niger,Sub-Saharan Africa,134.0,4.17,3,2018,NER,62.02,0.0,413.9803
584,Niger,Sub-Saharan Africa,114.0,4.63,3,2019,NER,62.42,0.0,
585,Nigeria,Sub-Saharan Africa,103.0,4.88,3,2016,NGA,53.54,0.0,2175.9997
586,Nigeria,Sub-Saharan Africa,95.0,5.07,4,2017,NGA,53.95,0.0,1968.5596
587,Nigeria,Sub-Saharan Africa,91.0,5.16,4,2018,NGA,54.33,0.0,2028.182
588,Nigeria,Sub-Saharan Africa,85.0,5.26,4,2019,NGA,54.69,0.0,
589,Nigeria,Sub-Saharan Africa,78.0,5.27,4,2015,NGA,53.11,0.0,2730.4303
590,Rwanda,Sub-Saharan Africa,152.0,3.33,2,2019,RWA,69.02,0.0,
591,Rwanda,Sub-Saharan Africa,151.0,3.41,2,2018,RWA,68.7,0.0,772.9445
592,Rwanda,Sub-Saharan Africa,154.0,3.46,2,2015,RWA,67.45,0.0,728.0819
593,Rwanda,Sub-Saharan Africa,151.0,3.47,2,2017,RWA,68.34,0.0,762.9144
594,Rwanda,Sub-Saharan Africa,152.0,3.52,2,2016,RWA,67.93,0.0,726.348
595,Senegal,Sub-Saharan Africa,142.0,3.9,2,2015,SEN,66.75,0.0,1218.7642
596,Senegal,Sub-Saharan Africa,128.0,4.22,3,2016,SEN,67.08,0.0,1269.0404
597,Senegal,Sub-Saharan Africa,115.0,4.53,3,2017,SEN,67.38,0.0,1367.2189
598,Senegal,Sub-Saharan Africa,109.0,4.63,3,2018,SEN,67.67,0.0,1521.9536
599,Senegal,Sub-Saharan Africa,111.0,4.68,3,2019,SEN,67.94,0.0,
600,Sierra Leone,Sub-Saharan Africa,129.0,4.37,3,2019,SLE,54.7,0.0,
601,Sierra Leone,Sub-Saharan Africa,123.0,4.51,3,2015,SLE,52.94,0.0,588.2285
602,Sierra Leone,Sub-Saharan Africa,113.0,4.57,3,2018,SLE,54.31,0.0,533.9912
603,Sierra Leone,Sub-Saharan Africa,111.0,4.64,3,2016,SLE,53.44,0.0,501.4157
604,Sierra Leone,Sub-Saharan Africa,106.0,4.71,3,2017,SLE,53.9,0.0,499.3807
605,South Africa,Sub-Saharan Africa,116.0,4.46,3,2016,ZAF,63.15,105.59,5272.9184
606,South Africa,Sub-Saharan Africa,113.0,4.64,3,2015,ZAF,62.65,100.0,5734.6336
607,South Africa,Sub-Saharan Africa,106.0,4.72,3,2019,ZAF,64.13,118.34,
608,South Africa,Sub-Saharan Africa,105.0,4.72,3,2018,ZAF,63.86,114.28,6374.0282
609,South Africa,Sub-Saharan Africa,101.0,4.83,3,2017,ZAF,63.54,110.11,6132.4798
610,South Sudan,Sub-Saharan Africa,156.0,2.85,1,2019,SSD,57.85,0.0,
611,South Sudan,Sub-Saharan Africa,154.0,3.25,2,2018,SSD,57.6,0.0,0.0
612,South Sudan,Sub-Saharan Africa,147.0,3.59,2,2017,SSD,57.36,0.0,0.0
613,South Sudan,Sub-Saharan Africa,143.0,3.83,2,2015,SSD,56.86,0.0,1119.6513
614,South Sudan,Sub-Saharan Africa,143.0,3.83,2,2016,SSD,57.12,0.0,0.0
615,Sudan,Sub-Saharan Africa,130.0,4.14,3,2017,SDN,64.88,0.0,3015.0244
616,Sudan,Sub-Saharan Africa,133.0,4.14,3,2016,SDN,64.66,0.0,2398.1019
617,Sudan,Sub-Saharan Africa,137.0,4.14,3,2018,SDN,65.1,0.0,977.2736
618,Sudan,Sub-Saharan Africa,137.0,4.14,3,2019,SDN,65.31,0.0,
619,Sudan,Sub-Saharan Africa,118.0,4.55,3,2015,SDN,64.43,0.0,2486.7457
620,Tanzania,Sub-Saharan Africa,153.0,3.23,2,2019,TZA,65.46,0.0,
621,Tanzania,Sub-Saharan Africa,153.0,3.3,2,2018,TZA,65.02,0.0,1060.9946
622,Tanzania,Sub-Saharan Africa,153.0,3.35,2,2017,TZA,64.48,0.0,1004.8411
623,Tanzania,Sub-Saharan Africa,149.0,3.67,2,2016,TZA,63.84,0.0,966.4746
624,Tanzania,Sub-Saharan Africa,146.0,3.78,2,2015,TZA,63.11,0.0,947.9334
625,Togo,Sub-Saharan Africa,158.0,2.84,1,2015,TGO,59.93,0.0,570.9103
626,Togo,Sub-Saharan Africa,155.0,3.3,2,2016,TGO,60.22,0.0,597.4711
627,Togo,Sub-Saharan Africa,150.0,3.49,2,2017,TGO,60.49,0.0,626.0915
628,Togo,Sub-Saharan Africa,139.0,4.0,2,2018,TGO,60.76,0.0,678.9556
629,Togo,Sub-Saharan Africa,139.0,4.08,3,2019,TGO,61.04,0.0,
630,Uganda,Sub-Saharan Africa,145.0,3.74,2,2016,UGA,61.99,0.0,608.7057
631,Uganda,Sub-Saharan Africa,141.0,3.93,2,2015,UGA,61.37,0.0,709.021
632,Uganda,Sub-Saharan Africa,133.0,4.08,3,2017,UGA,62.52,0.0,631.5227
633,Uganda,Sub-Saharan Africa,135.0,4.16,3,2018,UGA,62.97,0.0,642.7767
634,Uganda,Sub-Saharan Africa,136.0,4.19,3,2019,UGA,63.37,0.0,
635,Zambia,Sub-Saharan Africa,138.0,4.11,3,2019,ZMB,63.89,0.0,
636,Zambia,Sub-Saharan Africa,125.0,4.38,3,2018,ZMB,63.51,0.0,1539.9002
637,Zambia,Sub-Saharan Africa,116.0,4.51,3,2017,ZMB,63.04,0.0,1534.8654
638,Zambia,Sub-Saharan Africa,106.0,4.8,3,2016,ZMB,62.46,0.0,1280.5784
639,Zambia,Sub-Saharan Africa,85.0,5.13,4,2015,ZMB,61.74,0.0,1337.7963
640,Zimbabwe,Sub-Saharan Africa,146.0,3.66,2,2019,ZWE,61.49,0.0,
641,Zimbabwe,Sub-Saharan Africa,144.0,3.69,2,2018,ZWE,61.2,0.0,2146.9964
642,Zimbabwe,Sub-Saharan Africa,138.0,3.88,2,2017,ZWE,60.81,0.0,1602.4035
643,Zimbabwe,Sub-Saharan Africa,131.0,4.19,3,2016,ZWE,60.29,0.0,1464.5835
644,Zimbabwe,Sub-Saharan Africa,115.0,4.61,3,2015,ZWE,59.53,0.0,1445.0711
645,Austria,Western Europe,13.0,7.01,6,2017,AUT,81.34,114.26,47431.6306
646,Austria,Western Europe,12.0,7.12,6,2016,AUT,81.26,108.53,45237.8051
647,Austria,Western Europe,12.0,7.14,6,2018,AUT,81.43,119.64,51499.8854
648,Austria,Western Europe,13.0,7.2,6,2015,AUT,81.18,100.0,44178.0474
649,Austria,Western Europe,10.0,7.25,6,2019,AUT,81.54,126.6,
650,Belgium,Western Europe,17.0,6.89,5,2017,BGD,72.05,0.0,1563.9941
651,Belgium,Western Europe,18.0,6.92,5,2019,BGD,72.59,0.0,
652,Belgium,Western Europe,16.0,6.93,5,2018,BGD,72.32,0.0,1698.2628
653,Belgium,Western Europe,18.0,6.93,5,2016,BGD,71.78,0.0,1401.6206
654,Belgium,Western Europe,19.0,6.94,5,2015,BGD,71.51,0.0,1248.4534
655,Cyprus,Western Europe,69.0,5.55,4,2016,CYP,80.51,0.0,24532.5191
656,Cyprus,Western Europe,65.0,5.62,4,2017,CYP,80.67,0.0,26338.6943
657,Cyprus,Western Europe,67.0,5.69,4,2015,CYP,80.35,0.0,23333.7149
658,Cyprus,Western Europe,61.0,5.76,4,2018,CYP,80.83,0.0,28689.6986
659,Cyprus,Western Europe,49.0,6.05,5,2019,CYP,80.98,0.0,
660,Denmark,Western Europe,2.0,7.52,6,2017,DNK,80.68,110.0,57141.0598
661,Denmark,Western Europe,1.0,7.53,6,2016,DNK,80.58,105.22,54663.9984
662,Denmark,Western Europe,3.0,7.53,6,2015,DNK,80.47,100.0,53254.856
663,Denmark,Western Europe,3.0,7.56,6,2018,DNK,80.78,114.81,61390.693
664,Denmark,Western Europe,2.0,7.6,6,2019,DNK,80.9,0.0,
665,Finland,Western Europe,6.0,7.41,6,2015,FIN,81.2,100.0,42811.213
666,Finland,Western Europe,5.0,7.41,6,2016,FIN,81.38,100.44,43777.4401
667,Finland,Western Europe,5.0,7.47,6,2017,FIN,81.56,102.01,46191.9312
668,Finland,Western Europe,1.0,7.63,6,2018,FIN,81.74,102.89,50175.2998
669,Finland,Western Europe,1.0,7.77,6,2019,FIN,81.91,0.0,
670,France,Western Europe,31.0,6.44,5,2017,FRA,82.43,103.98,38679.1271
671,France,Western Europe,32.0,6.48,5,2016,FRA,82.33,100.92,37038.9551
672,France,Western Europe,23.0,6.49,5,2018,FRA,82.54,107.2,41469.9196
673,France,Western Europe,29.0,6.58,5,2015,FRA,82.22,100.0,36638.1849
674,France,Western Europe,24.0,6.59,5,2019,FRA,82.66,0.0,
675,Germany,Western Europe,26.0,6.75,5,2015,DEU,80.77,100.0,41139.5446
676,Germany,Western Europe,16.0,6.95,5,2017,DEU,81.04,114.1,44240.0441
677,Germany,Western Europe,15.0,6.96,5,2018,DEU,81.18,121.68,47615.74
678,Germany,Western Europe,17.0,6.98,5,2019,DEU,81.33,128.08,
679,Germany,Western Europe,16.0,6.99,5,2016,DEU,80.9,107.53,42098.9204
680,Greece,Western Europe,102.0,4.86,3,2015,GRC,81.55,100.0,18167.7737
681,Greece,Western Europe,99.0,5.03,4,2016,GRC,81.73,97.59,18116.4596
682,Greece,Western Europe,87.0,5.23,4,2017,GRC,81.9,96.51,18883.4601
683,Greece,Western Europe,82.0,5.29,4,2019,GRC,82.24,105.67,
684,Greece,Western Europe,79.0,5.36,4,2018,GRC,82.07,98.29,20316.5683
685,Iceland,Western Europe,4.0,7.49,6,2019,ISL,82.99,0.0,
686,Iceland,Western Europe,4.0,7.5,6,2018,ISL,82.86,142.01,73368.1175
687,Iceland,Western Europe,3.0,7.5,6,2016,ISL,82.6,109.77,61757.9493
688,Iceland,Western Europe,3.0,7.5,6,2017,ISL,82.72,131.2,71314.7742
689,Iceland,Western Europe,2.0,7.56,6,2015,ISL,82.48,100.0,52428.5958
690,Ireland,Western Europe,19.0,6.91,5,2016,IRL,81.61,107.46,63197.0824
691,Ireland,Western Europe,18.0,6.94,5,2015,IRL,81.34,100.0,61995.4228
692,Ireland,Western Europe,14.0,6.98,5,2018,IRL,82.1,131.35,78582.9481
693,Ireland,Western Europe,15.0,6.98,5,2017,IRL,81.87,119.17,69649.8827
694,Ireland,Western Europe,16.0,7.02,6,2019,IRL,82.3,0.0,
695,Italy,Western Europe,50.0,5.95,4,2015,ITA,82.83,100.0,30230.2263
696,Italy,Western Europe,48.0,5.96,4,2017,ITA,83.18,99.18,32326.8417
697,Italy,Western Europe,50.0,5.98,4,2016,ITA,83.01,100.25,30936.1254
698,Italy,Western Europe,47.0,6.0,5,2018,ITA,83.35,98.63,34488.6389
699,Italy,Western Europe,36.0,6.22,5,2019,ITA,83.51,0.0,
700,Luxembourg,Western Europe,18.0,6.86,5,2017,LUX,81.96,111.96,107361.3069
701,Luxembourg,Western Europe,20.0,6.87,5,2016,LUX,81.8,106.0,104278.391
702,Luxembourg,Western Europe,17.0,6.91,5,2018,LUX,82.1,119.86,116597.2956
703,Luxembourg,Western Europe,17.0,6.95,5,2015,LUX,81.64,100.0,101376.4966
704,Luxembourg,Western Europe,14.0,7.09,6,2019,LUX,82.25,0.0,
705,Malta,Western Europe,37.0,6.3,5,2015,MLT,81.9,0.0,24077.0108
706,Malta,Western Europe,30.0,6.49,5,2016,MLT,82.06,0.0,25151.5196
707,Malta,Western Europe,27.0,6.53,5,2017,MLT,82.22,0.0,27283.5447
708,Malta,Western Europe,22.0,6.63,5,2018,MLT,82.38,0.0,30029.967
709,Malta,Western Europe,22.0,6.73,5,2019,MLT,82.53,0.0,
710,Netherlands,Western Europe,7.0,7.34,6,2016,NLD,81.86,105.02,46007.8529
711,Netherlands,Western Europe,6.0,7.38,6,2017,NLD,82.0,112.93,48554.9923
712,Netherlands,Western Europe,7.0,7.38,6,2015,NLD,81.72,100.0,45175.2319
713,Netherlands,Western Europe,6.0,7.44,6,2018,NLD,82.14,123.61,53022.1914
714,Netherlands,Western Europe,5.0,7.49,6,2019,NLD,82.28,0.0,
715,Norway,Western Europe,4.0,7.5,6,2016,NOR,82.03,107.02,70460.5605
716,Norway,Western Europe,4.0,7.52,6,2015,NOR,81.91,100.0,74355.5159
717,Norway,Western Europe,1.0,7.54,6,2017,NOR,82.15,112.35,75496.7541
718,Norway,Western Europe,3.0,7.55,6,2019,NOR,82.4,116.8,
719,Norway,Western Europe,2.0,7.59,6,2018,NOR,82.27,113.98,81734.4656
720,Portugal,Western Europe,88.0,5.1,4,2015,PRT,81.22,100.0,19242.3665
721,Portugal,Western Europe,94.0,5.12,4,2016,PRT,81.44,107.12,19978.4012
722,Portugal,Western Europe,89.0,5.2,4,2017,PRT,81.66,117.02,21437.3475
723,Portugal,Western Europe,77.0,5.41,4,2018,PRT,81.86,129.03,23403.2176
724,Portugal,Western Europe,66.0,5.69,4,2019,PRT,82.05,0.0,
725,Spain,Western Europe,36.0,6.31,5,2018,ESP,83.43,118.58,30323.6511
726,Spain,Western Europe,36.0,6.33,5,2015,ESP,82.98,100.0,25732.0184
727,Spain,Western Europe,30.0,6.35,5,2019,ESP,83.56,0.0,
728,Spain,Western Europe,37.0,6.36,5,2016,ESP,83.14,104.62,26505.3432
729,Spain,Western Europe,34.0,6.4,5,2017,ESP,83.29,111.11,28100.8523
730,Sweden,Western Europe,9.0,7.28,6,2017,SWE,82.52,115.43,53744.429
731,Sweden,Western Europe,10.0,7.29,6,2016,SWE,82.38,108.24,51974.1966
732,Sweden,Western Europe,9.0,7.31,6,2018,SWE,82.65,114.35,54651.0854
733,Sweden,Western Europe,7.0,7.34,6,2019,SWE,82.8,0.0,
734,Sweden,Western Europe,8.0,7.36,6,2015,SWE,82.25,100.0,51397.1918
735,Switzerland,Western Europe,6.0,7.48,6,2019,CHE,83.78,110.56,
736,Switzerland,Western Europe,5.0,7.49,6,2018,CHE,83.63,106.72,82828.7974
737,Switzerland,Western Europe,4.0,7.49,6,2017,CHE,83.47,103.59,80450.0458
738,Switzerland,Western Europe,2.0,7.51,6,2016,CHE,83.31,101.62,80172.1933
739,Switzerland,Western Europe,1.0,7.59,6,2015,CHE,83.14,100.0,82081.6092
740,United Kingdom,Western Europe,19.0,6.71,5,2017,GBR,81.17,111.83,40361.4174
741,United Kingdom,Western Europe,23.0,6.72,5,2016,GBR,81.11,106.98,41064.1334
742,United Kingdom,Western Europe,21.0,6.87,5,2015,GBR,81.05,100.0,44974.8319
743,United Kingdom,Western Europe,15.0,7.05,6,2019,GBR,81.32,116.94,
744,United Kingdom,Western Europe,11.0,7.19,6,2018,GBR,81.24,115.43,42962.4128
